PAGES 2k ID,ocean 2k ID,preceded by,superseded by,archive type,reference 1 doi,reference 2 doi,original data URL,lat (°),long (°),elevation (m),site name,Country/Ocean,min year,max year,resolution (yr),proxy,variable name,units,climate variable detail,seasonality,direction,QC comments,QC certification,link to data at WDC-paleo
Asi_038,,,,tree,10.1126/science.1185188,,https://www.ncdc.noaa.gov/paleo/study/12601,30.23,100.27,2150,CHIN020,China,1306,2007,1,TRW,trsgi,NA,air@surface,annual,positive,,"Ed Cook, Kevin J. Anchukaitis",https://www1.ncdc.noaa.gov/pub/data/paleo/pages2k/pages2k-temperature-v2-2017/data-current-version/Asi-CHIN020.Li.2010.txt
Asi_039,,,,tree,10.1126/science.1185188,,https://www.ncdc.noaa.gov/paleo/study/12602,28.98,99.93,2150,CHIN021,China,1380,2007,1,TRW,trsgi,NA,air@surface,annual,positive,,"Ed Cook, Kevin J. Anchukaitis",https://www1.ncdc.noaa.gov/pub/data/paleo/pages2k/pages2k-temperature-v2-2017/data-current-version/Asi-CHIN021.Li.2010.txt
Asi_040,,,,tree,10.1126/science.1185188,,https://www.ncdc.noaa.gov/paleo/study/12599,29.28,100.08,2150,CHIN018,China,1540,2006,1,TRW,trsgi,NA,air@surface,annual,positive,,"Ed Cook, Kevin J. Anchukaitis",https://www1.ncdc.noaa.gov/pub/data/paleo/pages2k/pages2k-temperature-v2-2017/data-current-version/Asi-CHIN018.Li.2010.txt
Asi_041,,,,tree,10.1126/science.1185188,,https://www.ncdc.noaa.gov/paleo/study/12600,29.15,99.93,2150,CHIN019,China,1509,2006,1,TRW,trsgi,NA,air@surface,annual,positive,,"Ed Cook, Kevin J. Anchukaitis",https://www1.ncdc.noaa.gov/pub/data/paleo/pages2k/pages2k-temperature-v2-2017/data-current-version/Asi-CHIN019.Li.2010.txt
Asi_042,,,,tree,10.1126/science.1185188,,https://www.ncdc.noaa.gov/paleo/study/12608,27.33,99.3,1750,CHIN027,China,1348,2007,1,TRW,trsgi,NA,air@surface,annual,positive,,"Ed Cook, Kevin J. Anchukaitis",https://www1.ncdc.noaa.gov/pub/data/paleo/pages2k/pages2k-temperature-v2-2017/data-current-version/Asi-WXIYUN.Wright.2010.txt
Asi_043,,,,tree,10.1007/s00382-012-1611-x,,https://www.ncdc.noaa.gov/paleo/study/14188,34.75,100.82,1750,DEZQIN,China,1287,2004,1,TRW,trsgi,NA,air@surface,summer,positive,,"Ed Cook, Kevin J. Anchukaitis",https://www1.ncdc.noaa.gov/pub/data/paleo/pages2k/pages2k-temperature-v2-2017/data-current-version/Asi-DEZQIN.PAGES2k.2013.txt
Asi_044,,,,tree,10.1007/s00382-012-1611-x,,https://www.ncdc.noaa.gov/paleo/study/14188,34.73,100.8,1750,GOUQIN,China,1346,2004,1,TRW,trsgi,NA,air@surface,summer,positive,,"Ed Cook, Kevin J. Anchukaitis",https://www1.ncdc.noaa.gov/pub/data/paleo/pages2k/pages2k-temperature-v2-2017/data-current-version/Asi-GOUQIN.PAGES2k.2013.txt
Asi_045,,,,tree,10.1007/s00382-012-1611-x,,https://www.ncdc.noaa.gov/paleo/study/14188,34.73,100.78,1750,HEBQIN,China,1475,2004,1,TRW,trsgi,NA,air@surface,summer,positive,,"Ed Cook, Kevin J. Anchukaitis",https://www1.ncdc.noaa.gov/pub/data/paleo/pages2k/pages2k-temperature-v2-2017/data-current-version/Asi-HEBQIN.PAGES2k.2013.txt
Asi_046,,,,tree,10.1007/s00382-012-1611-x,,https://www.ncdc.noaa.gov/paleo/study/14188,34.72,100.72,1750,LAJQIN,China,1446,2004,1,TRW,trsgi,NA,air@surface,summer,positive,,"Ed Cook, Kevin J. Anchukaitis",https://www1.ncdc.noaa.gov/pub/data/paleo/pages2k/pages2k-temperature-v2-2017/data-current-version/Asi-LAJQIN.PAGES2k.2013.txt
Asi_047,,,,tree,10.1007/s00382-012-1611-x,,https://www.ncdc.noaa.gov/paleo/study/14188,37.93,101.53,1750,GHEGAN,China,1288,2000,1,TRW,trsgi,NA,air@surface,summer,positive,,"Ed Cook, Kevin J. Anchukaitis",https://www1.ncdc.noaa.gov/pub/data/paleo/pages2k/pages2k-temperature-v2-2017/data-current-version/Asi-GHEGAN.PAGES2k.2013.txt
Asi_048,,,,tree,10.1007/s00382-012-1611-x,,https://www.ncdc.noaa.gov/paleo/study/5996,36.3,98.08,1750,CHIN006,China,159,1993,1,TRW,trsgi,NA,air@surface,summer,positive,,"Ed Cook, Kevin J. Anchukaitis",https://www1.ncdc.noaa.gov/pub/data/paleo/pages2k/pages2k-temperature-v2-2017/data-current-version/Asi-CHIN006.Sheppard.2013.txt
Asi_049,,,,tree,10.1007/s00382-012-1611-x,,https://www.ncdc.noaa.gov/paleo/study/5997,37,98.08,100,CHIN005,China,840,1993,1,TRW,trsgi,NA,air@surface,summer,positive,Elevation estimated from GoogleEarth; rounded to 100 m,"Ed Cook, Kevin J. Anchukaitis",https://www1.ncdc.noaa.gov/pub/data/paleo/pages2k/pages2k-temperature-v2-2017/data-current-version/Asi-CHIN005.Sheppard.2013.txt
Asi_050,,,,tree,10.1007/s00382-012-1611-x,,https://www.ncdc.noaa.gov/paleo/study/14188,36.65,98.08,100,DUSHJP,China,840,1993,1,TRW,trsgi,NA,air@surface,summer,positive,Elevation estimated from GoogleEarth; rounded to 100 m,"Ed Cook, Kevin J. Anchukaitis",https://www1.ncdc.noaa.gov/pub/data/paleo/pages2k/pages2k-temperature-v2-2017/data-current-version/Asi-DUSHJP.PAGES2k.2013.txt
Asi_051,,,,tree,10.1007/s00382-012-1611-x,,https://www.ncdc.noaa.gov/paleo/study/14188,35.07,100.35,700,MQAXJP,China,1082,2001,1,TRW,trsgi,NA,air@surface,summer,positive,Elevation estimated from GoogleEarth; rounded to 100 m,"Ed Cook, Kevin J. Anchukaitis",https://www1.ncdc.noaa.gov/pub/data/paleo/pages2k/pages2k-temperature-v2-2017/data-current-version/Asi-MQAXJP.PAGES2k.2013.txt
Asi_052,,,,tree,10.1007/s00382-012-1611-x,,https://www.ncdc.noaa.gov/paleo/study/14188,34.78,99.78,800,MQBXJP,China,470,2002,1,TRW,trsgi,NA,air@surface,summer,positive,Elevation estimated from GoogleEarth; rounded to 100 m,"Ed Cook, Kevin J. Anchukaitis",https://www1.ncdc.noaa.gov/pub/data/paleo/pages2k/pages2k-temperature-v2-2017/data-current-version/Asi-MQBXJP.PAGES2k.2013.txt
Asi_053,,,,tree,10.1007/s00382-012-1611-x,,https://www.ncdc.noaa.gov/paleo/study/14188,34.72,99.67,500,MQDXJP,China,1163,2001,1,TRW,trsgi,NA,air@surface,summer,positive,Elevation estimated from GoogleEarth; rounded to 100 m,"Ed Cook, Kevin J. Anchukaitis",https://www1.ncdc.noaa.gov/pub/data/paleo/pages2k/pages2k-temperature-v2-2017/data-current-version/Asi-MQDXJP.PAGES2k.2013.txt
Asi_054,,,,tree,10.1007/s00382-012-1611-x,,https://www.ncdc.noaa.gov/paleo/study/14188,34.75,99.68,700,MQFXJP,China,1230,2002,1,TRW,trsgi,NA,air@surface,summer,positive,Elevation estimated from GoogleEarth; rounded to 100 m,"Ed Cook, Kevin J. Anchukaitis",https://www1.ncdc.noaa.gov/pub/data/paleo/pages2k/pages2k-temperature-v2-2017/data-current-version/Asi-MQFXJP.PAGES2k.2013.txt
Asi_055,,,,tree,10.1007/s00382-012-1611-x,,https://www.ncdc.noaa.gov/paleo/study/14188,34.75,99.68,100,MQRXJP,China,960,2002,1,TRW,trsgi,NA,air@surface,summer,positive,Elevation estimated from GoogleEarth; rounded to 100 m,"Ed Cook, Kevin J. Anchukaitis",https://www1.ncdc.noaa.gov/pub/data/paleo/pages2k/pages2k-temperature-v2-2017/data-current-version/Asi-MQRXJP.PAGES2k.2013.txt
Asi_056,,,,tree,10.1007/s00382-012-1611-x,,https://www.ncdc.noaa.gov/paleo/study/14188,34.78,100.8,0,TDAXJP,China,1340,2002,1,TRW,trsgi,NA,air@surface,summer,positive,Elevation estimated from GoogleEarth; rounded to 100 m,"Ed Cook, Kevin J. Anchukaitis",https://www1.ncdc.noaa.gov/pub/data/paleo/pages2k/pages2k-temperature-v2-2017/data-current-version/Asi-TDAXJP.PAGES2k.2013.txt
Asi_057,,,,tree,10.1007/s00382-012-1611-x,,https://www.ncdc.noaa.gov/paleo/study/14188,34.78,100.82,200,TDBXJP,China,1400,2002,1,TRW,trsgi,NA,air@surface,summer,positive,Elevation estimated from GoogleEarth; rounded to 100 m,"Ed Cook, Kevin J. Anchukaitis",https://www1.ncdc.noaa.gov/pub/data/paleo/pages2k/pages2k-temperature-v2-2017/data-current-version/Asi-TDBXJP.PAGES2k.2013.txt
Asi_058,,,,tree,10.1007/s00382-012-1611-x,,https://www.ncdc.noaa.gov/paleo/study/14188,34.78,100.82,4000,HBLXJP,China,1520,2002,1,TRW,trsgi,NA,air@surface,summer,positive,Elevation estimated from GoogleEarth; rounded to 100 m,"Ed Cook, Kevin J. Anchukaitis",https://www1.ncdc.noaa.gov/pub/data/paleo/pages2k/pages2k-temperature-v2-2017/data-current-version/Asi-HBLXJP.PAGES2k.2013.txt
Asi_059,,,,tree,10.1007/s00382-012-1611-x,,https://www.ncdc.noaa.gov/paleo/study/14188,34.78,100.82,3300,HBMXJP,China,1310,2002,1,TRW,trsgi,NA,air@surface,summer,positive,Elevation estimated from GoogleEarth; rounded to 100 m,"Ed Cook, Kevin J. Anchukaitis",https://www1.ncdc.noaa.gov/pub/data/paleo/pages2k/pages2k-temperature-v2-2017/data-current-version/Asi-HBMXJP.PAGES2k.2013.txt
Asi_060,,,,tree,10.1007/s00382-012-1611-x,,https://www.ncdc.noaa.gov/paleo/study/14188,34.78,100.82,2100,HBHXJP,China,1500,2002,1,TRW,trsgi,NA,air@surface,summer,positive,Elevation estimated from GoogleEarth; rounded to 100 m,"Ed Cook, Kevin J. Anchukaitis",https://www1.ncdc.noaa.gov/pub/data/paleo/pages2k/pages2k-temperature-v2-2017/data-current-version/Asi-HBHXJP.PAGES2k.2013.txt
Asi_061,,,,tree,10.1007/s00382-012-1611-x,,https://www.ncdc.noaa.gov/paleo/study/14188,33.75,107.8,2700,BARELC,China,1600,1992,1,TRW,trsgi,NA,air@surface,summer,positive,Elevation estimated from GoogleEarth; rounded to 100 m,"Ed Cook, Kevin J. Anchukaitis",https://www1.ncdc.noaa.gov/pub/data/paleo/pages2k/pages2k-temperature-v2-2017/data-current-version/Asi-BARELC.PAGES2k.2013.txt
Asi_062,,,,tree,10.1007/s00382-012-1611-x,,https://www.ncdc.noaa.gov/paleo/study/5352,34.48,110.08,4050,CHIN004,China,1540,1990,1,TRW,trsgi,NA,air@surface,summer,positive,,"Ed Cook, Kevin J. Anchukaitis",https://www1.ncdc.noaa.gov/pub/data/paleo/pages2k/pages2k-temperature-v2-2017/data-current-version/Asi-CHIN004.Wu.2013.txt
Asi_063,,,,tree,10.1007/s00382-012-1611-x,,https://www.ncdc.noaa.gov/paleo/study/14188,33.65,107.8,3750,SANGTS,China,1575,1992,1,TRW,trsgi,NA,air@surface,summer,positive,,"Ed Cook, Kevin J. Anchukaitis",https://www1.ncdc.noaa.gov/pub/data/paleo/pages2k/pages2k-temperature-v2-2017/data-current-version/Asi-SANGTS.PAGES2k.2013.txt
Asi_064,,,,tree,10.1126/science.1185188,,https://www.ncdc.noaa.gov/paleo/study/12610,43.85,93.3,4150,CHIN029,China,1571,2002,1,TRW,trsgi,NA,air@surface,annual,positive,,"Ed Cook, Kevin J. Anchukaitis",https://www1.ncdc.noaa.gov/pub/data/paleo/pages2k/pages2k-temperature-v2-2017/data-current-version/Asi-CHIN029.Krusic.2010.txt
Asi_065,,,,tree,10.1007/s00382-012-1611-x,,https://www.ncdc.noaa.gov/paleo/study/14188,30.33,119.43,3539,TIANMU,China,1590,2007,1,TRW,trsgi,NA,air@surface,summer,positive,,"Ed Cook, Kevin J. Anchukaitis",https://www1.ncdc.noaa.gov/pub/data/paleo/pages2k/pages2k-temperature-v2-2017/data-current-version/Asi-TIANMU.PAGES2k.2013.txt
Asi_066,,,,tree,10.1007/s00382-012-1611-x,,https://www.ncdc.noaa.gov/paleo/study/14188,37.03,98.68,3040,WULANJ,China,150,2000,1,TRW,trsgi,NA,air@surface,summer,positive,,"Ed Cook, Kevin J. Anchukaitis",https://www1.ncdc.noaa.gov/pub/data/paleo/pages2k/pages2k-temperature-v2-2017/data-current-version/Asi-WULANJ.PAGES2k.2013.txt
Asi_067,,,,tree,10.1007/s00382-012-1611-x,,https://www.ncdc.noaa.gov/paleo/study/14188,33.8,96.13,3400,QUMAJP,China,1480,2002,1,TRW,trsgi,NA,air@surface,summer,positive,Elevation estimated from GoogleEarth; rounded to 100 m,"Ed Cook, Kevin J. Anchukaitis",https://www1.ncdc.noaa.gov/pub/data/paleo/pages2k/pages2k-temperature-v2-2017/data-current-version/Asi-QUMAJP.PAGES2k.2013.txt
Asi_068,,,,tree,10.1360/03wd0088,,https://www.ncdc.noaa.gov/paleo/study/15158,33.72,96.28,3800,ZHIDJP,China,1374,2002,1,TRW,trsgi,NA,air@surface,4 5 6,positive,Elevation estimated from GoogleEarth; rounded to 100 m,"Ed Cook, Kevin J. Anchukaitis",https://www1.ncdc.noaa.gov/pub/data/paleo/pages2k/pages2k-temperature-v2-2017/data-current-version/Asi-ZHIDJP.Shao.2003.txt
Asi_069,,,,tree,10.1126/science.1185188,,https://www.ncdc.noaa.gov/paleo/study/14188,34.63,104.47,2900,ZHANGX,China,1568,2006,1,TRW,trsgi,NA,air@surface,annual,positive,Elevation estimated from GoogleEarth; rounded to 100 m,"Ed Cook, Kevin J. Anchukaitis",https://www1.ncdc.noaa.gov/pub/data/paleo/pages2k/pages2k-temperature-v2-2017/data-current-version/Asi-ZHANGX.PAGES2k.2010.txt
Asi_070,,,,tree,10.1126/science.1185188,,https://www.ncdc.noaa.gov/paleo/study/12596,28.9,99.75,3500,CHIN017,China,1452,2007,1,TRW,trsgi,NA,air@surface,annual,positive,Elevation estimated from GoogleEarth; rounded to 100 m,"Ed Cook, Kevin J. Anchukaitis",https://www1.ncdc.noaa.gov/pub/data/paleo/pages2k/pages2k-temperature-v2-2017/data-current-version/Asi-CHIN017.Li.2010.txt
Asi_071,,,,tree,10.1126/science.1185188,,https://www.ncdc.noaa.gov/paleo/study/12595,31.78,101.92,3900,CHIN016,China,1575,2007,1,TRW,trsgi,NA,air@surface,annual,positive,Elevation estimated from GoogleEarth; rounded to 100 m,"Ed Cook, Kevin J. Anchukaitis",https://www1.ncdc.noaa.gov/pub/data/paleo/pages2k/pages2k-temperature-v2-2017/data-current-version/Asi-CHIN016.Li.2010.txt
Asi_072,,,,tree,10.1007/s00382-012-1611-x,,https://www.ncdc.noaa.gov/paleo/study/14188,27.37,99.37,3800,PTCYUN,China,1498,2007,1,TRW,trsgi,NA,air@surface,summer,positive,,"Ed Cook, Kevin J. Anchukaitis",https://www1.ncdc.noaa.gov/pub/data/paleo/pages2k/pages2k-temperature-v2-2017/data-current-version/Asi-PTCYUN.PAGES2k.2013.txt
Asi_073,,,,tree,10.1126/science.1185188,,https://www.ncdc.noaa.gov/paleo/study/12608,27.33,99.3,3800,CHIN027,China,1348,2007,1,TRW,trsgi,NA,air@surface,annual,positive,,"Ed Cook, Kevin J. Anchukaitis",https://www1.ncdc.noaa.gov/pub/data/paleo/pages2k/pages2k-temperature-v2-2017/data-current-version/Asi-WEXYUN.Wright.2010.txt
Asi_074,,,,tree,10.1007/s00382-012-1611-x,,https://www.ncdc.noaa.gov/paleo/study/14188,43.18,87.18,3400,HXBURU,China,1543,1993,1,TRW,trsgi,NA,air@surface,summer,positive,Elevation estimated from GoogleEarth; rounded to 100 m,"Ed Cook, Kevin J. Anchukaitis",https://www1.ncdc.noaa.gov/pub/data/paleo/pages2k/pages2k-temperature-v2-2017/data-current-version/Asi-HXBURU.PAGES2k.2013.txt
Asi_075,,,,tree,10.1007/s00382-012-1611-x,,https://www.ncdc.noaa.gov/paleo/study/14188,35,100.07,3400,DQHZHO,China,1433,2004,1,TRW,trsgi,NA,air@surface,summer,positive,Elevation estimated from GoogleEarth; rounded to 100 m,"Ed Cook, Kevin J. Anchukaitis",https://www1.ncdc.noaa.gov/pub/data/paleo/pages2k/pages2k-temperature-v2-2017/data-current-version/Asi-DQHZHO.PAGES2k.2013.txt
Asi_076,,,,tree,10.1126/science.1185188,,https://www.ncdc.noaa.gov/paleo/study/12607,27.62,99.8,2900,CHIN026,China,1516,2007,1,TRW,trsgi,NA,air@surface,annual,positive,Elevation estimated from GoogleEarth; rounded to 100 m,"Ed Cook, Kevin J. Anchukaitis",https://www1.ncdc.noaa.gov/pub/data/paleo/pages2k/pages2k-temperature-v2-2017/data-current-version/Asi-CHIN026.Wright.2010.txt
Asi_077,,,,tree,10.1007/s00382-012-1611-x,,https://www.ncdc.noaa.gov/paleo/study/14188,38.7,99.68,5600,HYGJUP,China,540,2006,1,TRW,trsgi,NA,air@surface,summer,positive,Elevation estimated from GoogleEarth; rounded to 100 m,"Ed Cook, Kevin J. Anchukaitis",https://www1.ncdc.noaa.gov/pub/data/paleo/pages2k/pages2k-temperature-v2-2017/data-current-version/Asi-HYGJUP.PAGES2k.2013.txt
Asi_078,,,,tree,10.1007/s00382-012-1611-x,,https://www.ncdc.noaa.gov/paleo/study/14188,35.07,100.35,2600,MQACJP,China,1082,2001,1,TRW,trsgi,NA,air@surface,summer,positive,Elevation estimated from GoogleEarth; rounded to 100 m,"Ed Cook, Kevin J. Anchukaitis",https://www1.ncdc.noaa.gov/pub/data/paleo/pages2k/pages2k-temperature-v2-2017/data-current-version/Asi-MQACJP.PAGES2k.2013.txt
Asi_079,,,,tree,10.1007/s00382-012-1611-x,,https://www.ncdc.noaa.gov/paleo/study/14888,27.58,99.35,100,CHIN037,China,1429,2005,1,TRW,trsgi,NA,air@surface,summer,positive,Elevation estimated from GoogleEarth; rounded to 100 m,"Ed Cook, Kevin J. Anchukaitis",https://www1.ncdc.noaa.gov/pub/data/paleo/pages2k/pages2k-temperature-v2-2017/data-current-version/Asi-CHIN037.Fan.2013.txt
Asi_080,,,,tree,10.1007/s00382-012-1611-x,,https://www.ncdc.noaa.gov/paleo/study/14889,27.58,99.28,4100,CHIN038,China,1542,2005,1,TRW,trsgi,NA,air@surface,summer,positive,Elevation estimated from GoogleEarth; rounded to 100 m,"Ed Cook, Kevin J. Anchukaitis",https://www1.ncdc.noaa.gov/pub/data/paleo/pages2k/pages2k-temperature-v2-2017/data-current-version/Asi-CHIN038.Fan.2013.txt
Asi_081,,,,tree,10.1007/s00382-012-1611-x,,https://www.ncdc.noaa.gov/paleo/study/14908,28.03,99.02,3400,CHIN039,China,1489,2005,1,TRW,trsgi,NA,air@surface,summer,positive,Elevation estimated from GoogleEarth; rounded to 100 m,"Ed Cook, Kevin J. Anchukaitis",https://www1.ncdc.noaa.gov/pub/data/paleo/pages2k/pages2k-temperature-v2-2017/data-current-version/Asi-CHIN039.Fan.2013.txt
Asi_082,,,,tree,10.1007/s00382-012-1611-x,,https://www.ncdc.noaa.gov/paleo/study/14909,28.03,98.98,3500,CHIN040,China,1393,2005,1,TRW,trsgi,NA,air@surface,summer,positive,Elevation estimated from GoogleEarth; rounded to 100 m,"Ed Cook, Kevin J. Anchukaitis",https://www1.ncdc.noaa.gov/pub/data/paleo/pages2k/pages2k-temperature-v2-2017/data-current-version/Asi-CHIN040.Fan.2013.txt
Asi_083,,,,tree,10.1007/s00382-012-1611-x,,https://www.ncdc.noaa.gov/paleo/study/14910,27.88,98.4,2900,CHIN041,China,1530,2005,1,TRW,trsgi,NA,air@surface,summer,positive,Elevation estimated from GoogleEarth; rounded to 100 m,"Ed Cook, Kevin J. Anchukaitis",https://www1.ncdc.noaa.gov/pub/data/paleo/pages2k/pages2k-temperature-v2-2017/data-current-version/Asi-CHIN041.Fan.2013.txt
Asi_084,,,,tree,10.1007/s00382-012-1611-x,,https://www.ncdc.noaa.gov/paleo/study/15132,37.47,97.23,6700,CHIN050,China,843,2001,1,TRW,trsgi,NA,air@surface,summer,positive,Elevation estimated from GoogleEarth; rounded to 100 m,"Ed Cook, Kevin J. Anchukaitis",https://www1.ncdc.noaa.gov/pub/data/paleo/pages2k/pages2k-temperature-v2-2017/data-current-version/Asi-CHIN050.Shao.2013.txt
Asi_085,,,,tree,10.1007/s00382-012-1611-x,,https://www.ncdc.noaa.gov/paleo/study/15133,37.47,97.22,3000,CHIN051,China,828,2001,1,TRW,trsgi,NA,air@surface,summer,positive,Elevation estimated from GoogleEarth; rounded to 100 m,"Ed Cook, Kevin J. Anchukaitis",https://www1.ncdc.noaa.gov/pub/data/paleo/pages2k/pages2k-temperature-v2-2017/data-current-version/Asi-CHIN051.Shao.2013.txt
Asi_086,,,,tree,10.1007/s00382-012-1611-x,,https://www.ncdc.noaa.gov/paleo/study/15134,37.45,97.53,2060,CHIN052,China,404,2002,1,TRW,trsgi,NA,air@surface,summer,positive,,"Ed Cook, Kevin J. Anchukaitis",https://www1.ncdc.noaa.gov/pub/data/paleo/pages2k/pages2k-temperature-v2-2017/data-current-version/Asi-CHIN052.Shao.2013.txt
Asi_087,,,,tree,10.1007/s00382-012-1611-x,,https://www.ncdc.noaa.gov/paleo/study/15135,37.43,98.05,4600,CHIN053,China,451,2002,1,TRW,trsgi,NA,air@surface,summer,positive,Elevation estimated from GoogleEarth; rounded to 100 m,"Ed Cook, Kevin J. Anchukaitis",https://www1.ncdc.noaa.gov/pub/data/paleo/pages2k/pages2k-temperature-v2-2017/data-current-version/Asi-CHIN053.Shao.2013.txt
Asi_088,,,,tree,10.1007/s00382-012-1611-x,,https://www.ncdc.noaa.gov/paleo/study/15136,37.45,97.78,2810,CHIN054,China,711,2003,1,TRW,trsgi,NA,air@surface,summer,positive,,"Ed Cook, Kevin J. Anchukaitis",https://www1.ncdc.noaa.gov/pub/data/paleo/pages2k/pages2k-temperature-v2-2017/data-current-version/Asi-CHIN054.Shao.2013.txt
Asi_089,,,,tree,10.1007/s00382-012-1611-x,,https://www.ncdc.noaa.gov/paleo/study/15137,37.52,97.05,100,CHIN055,China,1237,2002,1,TRW,trsgi,NA,air@surface,summer,positive,Elevation estimated from GoogleEarth; rounded to 100 m,"Ed Cook, Kevin J. Anchukaitis",https://www1.ncdc.noaa.gov/pub/data/paleo/pages2k/pages2k-temperature-v2-2017/data-current-version/Asi-CHIN055.Shao.2013.txt
Asi_090,,,,tree,10.1007/s00382-012-1611-x,,https://www.ncdc.noaa.gov/paleo/study/15138,34.47,110.08,4900,CHIN056,China,1458,2005,1,TRW,trsgi,NA,air@surface,summer,positive,Elevation estimated from GoogleEarth; rounded to 100 m,"Ed Cook, Kevin J. Anchukaitis",https://www1.ncdc.noaa.gov/pub/data/paleo/pages2k/pages2k-temperature-v2-2017/data-current-version/Asi-CHIN056.Shao.2013.txt
Asi_091,,,,tree,10.1007/s00382-012-1611-x,,https://www.ncdc.noaa.gov/paleo/study/15149,34.47,110.08,4900,CHIN057,China,1512,2005,1,TRW,trsgi,NA,air@surface,summer,positive,Elevation estimated from GoogleEarth; rounded to 100 m,"Ed Cook, Kevin J. Anchukaitis",https://www1.ncdc.noaa.gov/pub/data/paleo/pages2k/pages2k-temperature-v2-2017/data-current-version/Asi-CHIN057.Shao.2013.txt
Asi_092,,,,tree,10.1007/s00382-012-1611-x,,https://www.ncdc.noaa.gov/paleo/study/15150,34.47,110.08,3950,CHIN058,China,1359,2005,1,TRW,trsgi,NA,air@surface,summer,positive,,"Ed Cook, Kevin J. Anchukaitis",https://www1.ncdc.noaa.gov/pub/data/paleo/pages2k/pages2k-temperature-v2-2017/data-current-version/Asi-CHIN058.Shao.2013.txt
Asi_093,,,,tree,10.1007/s00382-012-1611-x,,https://www.ncdc.noaa.gov/paleo/study/15151,33.8,96.13,3400,CHIN059,China,1480,2002,1,TRW,trsgi,NA,air@surface,summer,positive,Elevation estimated from GoogleEarth; rounded to 100 m,"Ed Cook, Kevin J. Anchukaitis",https://www1.ncdc.noaa.gov/pub/data/paleo/pages2k/pages2k-temperature-v2-2017/data-current-version/Asi-CHIN059.Shao.2013.txt
Asi_094,,,,tree,10.1007/s00382-012-1611-x,,https://www.ncdc.noaa.gov/paleo/study/15152,37.32,98.4,3980,CHIN060,China,943,2003,1,TRW,trsgi,NA,air@surface,summer,positive,,"Ed Cook, Kevin J. Anchukaitis",https://www1.ncdc.noaa.gov/pub/data/paleo/pages2k/pages2k-temperature-v2-2017/data-current-version/Asi-CHIN060.Shao.2013.txt
Asi_095,,,,tree,10.1007/s00382-012-1611-x,,https://www.ncdc.noaa.gov/paleo/study/15153,37.03,98.63,2500,CHIN061,China,857,2003,1,TRW,trsgi,NA,air@surface,summer,positive,,"Ed Cook, Kevin J. Anchukaitis",https://www1.ncdc.noaa.gov/pub/data/paleo/pages2k/pages2k-temperature-v2-2017/data-current-version/Asi-CHIN061.Shao.2013.txt
Asi_096,,,,tree,10.1007/s00382-012-1611-x,,https://www.ncdc.noaa.gov/paleo/study/15154,37.03,98.67,3700,CHIN062,China,845,2001,1,TRW,trsgi,NA,air@surface,summer,positive,Elevation estimated from GoogleEarth; rounded to 100 m,"Ed Cook, Kevin J. Anchukaitis",https://www1.ncdc.noaa.gov/pub/data/paleo/pages2k/pages2k-temperature-v2-2017/data-current-version/Asi-CHIN062.Shao.2013.txt
Asi_097,,,,tree,10.1007/s00382-012-1611-x,,https://www.ncdc.noaa.gov/paleo/study/15155,36.75,98.22,3040,CHIN063,China,681,2001,1,TRW,trsgi,NA,air@surface,summer,positive,,"Ed Cook, Kevin J. Anchukaitis",https://www1.ncdc.noaa.gov/pub/data/paleo/pages2k/pages2k-temperature-v2-2017/data-current-version/Asi-CHIN063.Shao.2013.txt
Asi_098,,,,tree,10.1007/s00382-012-1611-x,,https://www.ncdc.noaa.gov/paleo/study/15156,36.68,98.42,3000,CHIN064,China,900,2001,1,TRW,trsgi,NA,air@surface,summer,positive,Elevation estimated from GoogleEarth; rounded to 100 m,"Ed Cook, Kevin J. Anchukaitis",https://www1.ncdc.noaa.gov/pub/data/paleo/pages2k/pages2k-temperature-v2-2017/data-current-version/Asi-CHIN064.Shao.2013.txt
Asi_099,,,,tree,10.1007/s00382-012-1611-x,,https://www.ncdc.noaa.gov/paleo/study/15157,32.67,95.72,4500,CHIN065,China,1290,2006,1,TRW,trsgi,NA,air@surface,summer,positive,Elevation estimated from GoogleEarth; rounded to 100 m,"Ed Cook, Kevin J. Anchukaitis",https://www1.ncdc.noaa.gov/pub/data/paleo/pages2k/pages2k-temperature-v2-2017/data-current-version/Asi-CHIN065.Shao.2013.txt
Asi_100,,,,tree,10.1007/s00382-012-1611-x,,https://www.ncdc.noaa.gov/paleo/study/15158,33.72,96.28,3500,CHIN066,China,1374,2002,1,TRW,trsgi,NA,air@surface,summer,positive,,"Ed Cook, Kevin J. Anchukaitis",https://www1.ncdc.noaa.gov/pub/data/paleo/pages2k/pages2k-temperature-v2-2017/data-current-version/Asi-CHIN066.Shao.2013.txt
Asi_217,,,,tree,10.1007/s00382-012-1611-x,,https://www.ncdc.noaa.gov/paleo/study/14928,31.95,98.87,3300,CHIN042,China,1519,1996,1,TRW,trsgi,NA,air@surface,summer,positive,Elevation estimated from GoogleEarth; rounded to 100 m,"Ed Cook, Kevin J. Anchukaitis",https://www1.ncdc.noaa.gov/pub/data/paleo/pages2k/pages2k-temperature-v2-2017/data-current-version/Asi-CHIN042.Brauning.2013.txt
Asi_218,,,,tree,10.1007/s00382-012-1611-x,,https://www.ncdc.noaa.gov/paleo/study/15129,31.12,97.03,2500,CHIN047,China,1406,1994,1,TRW,trsgi,NA,air@surface,summer,positive,Elevation estimated from GoogleEarth; rounded to 100 m,"Ed Cook, Kevin J. Anchukaitis",https://www1.ncdc.noaa.gov/pub/data/paleo/pages2k/pages2k-temperature-v2-2017/data-current-version/Asi-CHIN047.Brauning.2013.txt
Asi_219,,,,tree,10.1007/s00382-012-1611-x,,https://www.ncdc.noaa.gov/paleo/study/15131,31.23,96.48,3500,CHIN049,China,1547,1994,1,TRW,trsgi,NA,air@surface,summer,positive,,"Ed Cook, Kevin J. Anchukaitis",https://www1.ncdc.noaa.gov/pub/data/paleo/pages2k/pages2k-temperature-v2-2017/data-current-version/Asi-CHIN049.Brauning.2013.txt
Asi_220,,,,tree,10.1007/s00382-012-1611-x,,https://www.ncdc.noaa.gov/paleo/study/14929,29.3,91.97,3900,CHIN043,China,1217,1998,1,TRW,trsgi,NA,air@surface,summer,positive,,"Ed Cook, Kevin J. Anchukaitis",https://www1.ncdc.noaa.gov/pub/data/paleo/pages2k/pages2k-temperature-v2-2017/data-current-version/Asi-CHIN043.Brauning.2013.txt
Asi_221,,,,tree,10.1007/s00382-012-1611-x,,https://www.ncdc.noaa.gov/paleo/study/15128,31.12,97.03,3150,CHIN046,China,449,2004,1,TRW,trsgi,NA,air@surface,summer,positive,,"Ed Cook, Kevin J. Anchukaitis",https://www1.ncdc.noaa.gov/pub/data/paleo/pages2k/pages2k-temperature-v2-2017/data-current-version/Asi-CHIN046.Brauning.2013.txt
Asi_222,,,,tree,10.1007/s00382-012-1611-x,,https://www.ncdc.noaa.gov/paleo/study/14948,29.07,93.95,2400,CHIN044,China,1047,1993,1,TRW,trsgi,NA,air@surface,summer,positive,Elevation estimated from GoogleEarth; rounded to 100 m,"Ed Cook, Kevin J. Anchukaitis",https://www1.ncdc.noaa.gov/pub/data/paleo/pages2k/pages2k-temperature-v2-2017/data-current-version/Asi-CHIN044.Brauning.2013.txt
Asi_223,,,,tree,10.1007/s00382-012-1611-x,,https://www.ncdc.noaa.gov/paleo/study/15048,29.62,94.67,2300,CHIN045,China,1568,1993,1,TRW,trsgi,NA,air@surface,summer,positive,Elevation estimated from GoogleEarth; rounded to 100 m,"Ed Cook, Kevin J. Anchukaitis",https://www1.ncdc.noaa.gov/pub/data/paleo/pages2k/pages2k-temperature-v2-2017/data-current-version/Asi-CHIN045.Brauning.2013.txt
Asi_224,,,,tree,10.1007/s00382-012-1611-x,,https://www.ncdc.noaa.gov/paleo/study/15130,30.3,91.52,700,CHIN048,China,1080,1998,1,TRW,trsgi,NA,air@surface,summer,positive,Elevation estimated from GoogleEarth; rounded to 100 m,"Ed Cook, Kevin J. Anchukaitis",https://www1.ncdc.noaa.gov/pub/data/paleo/pages2k/pages2k-temperature-v2-2017/data-current-version/Asi-CHIN048.Brauning.2013.txt
Asi_225,,,,tree,10.1007/s00382-012-1611-x,,https://www.ncdc.noaa.gov/paleo/study/14188,29.35,92,2900,CENTIB,China,1285,2008,1,TRW,trsgi,NA,air@surface,summer,positive,Elevation estimated from GoogleEarth; rounded to 100 m,"Ed Cook, Kevin J. Anchukaitis",https://www1.ncdc.noaa.gov/pub/data/paleo/pages2k/pages2k-temperature-v2-2017/data-current-version/Asi-CENTIB.PAGES2k.2013.txt
Asi_231,,,,lake sediment,10.1177/0959683611430413,,this study,42.17,126.36,1000,Sihailongwa lake,China,392,2002,19,alkenone,temperature,degC,lake@surface,growing season,positive,Elevation estimated from GoogleEarth; rounded to 100 m,Chenxi Xu,https://www1.ncdc.noaa.gov/pub/data/paleo/pages2k/pages2k-temperature-v2-2017/data-current-version/Asi-SihailongwaLake.Chu.2011.txt
Asi_232,,,,glacier ice,10.1126/science.289.5486.1916,,https://www.ncdc.noaa.gov/paleo/study/11180,28.38,85.72,7200,Dasuopu,China,1450,1996,1,d18O,d18O,permil,air@condensationLevel,1 2 3 4 5 6 7 8 9 10 11 12,positive,Oxygen isotopes show positive correlation with NH temperature anomalies. Elevation estimated from GoogleEarth; rounded to 100 m,Chenxi Xu,https://www1.ncdc.noaa.gov/pub/data/paleo/pages2k/pages2k-temperature-v2-2017/data-current-version/Asi-Dasuopu.Thompson.2000.txt
Asi_238,,,,glacier ice,10.1126/science.276.5320.1821,,https://www.ncdc.noaa.gov/paleo/study/12426,35.28,81.48,6200,Guliya,China,5,1985,10,d18O,d18O,permil,air@condensationLevel,1 2 3 4 5 6 7 8 9 10 11 12,positive,d18O in ice core in northern Tibetan Plateau is a proxy of temperature. Elevation estimated from GoogleEarth; rounded to 100 m,Chenxi Xu,https://www1.ncdc.noaa.gov/pub/data/paleo/pages2k/pages2k-temperature-v2-2017/data-current-version/Asi-Guliya.Thompson.1997.txt
Asi_243,,,,glacier ice,10.3189/172756406781812357,,https://www.ncdc.noaa.gov/paleo/study/11929,33.9167,89.0833,6070,Puruogangri,China,5,1995,10,d18O,d18O,permil,air@condensationLevel,1 2 3 4 5 6 7 8 9 10 11 12,positive,d18O in ice core in northern Tibetan Plateau is a proxy of temperature. Elevation estimated from GoogleEarth; rounded to 100 m,Chenxi Xu,https://www1.ncdc.noaa.gov/pub/data/paleo/pages2k/pages2k-temperature-v2-2017/data-current-version/Asi-Puruogangri.Thompson.2006.txt